,time_in_hospital,num_lab_procedures,num_procedures,num_medications,number_outpatient,number_emergency,number_inpatient,number_diagnoses
time_in_hospital,1.0,0.3301458147540852,0.1889110281439497,0.46942627116513713,-0.014983725552842522,-0.009804819713313774,0.0637362740687483,0.2333376118980699
num_lab_procedures,0.3301458147540852,1.0,0.0500718748892548,0.2619107975207448,-0.00693281445060148,0.014090904094792198,0.08016223937407736,0.15757420643370712
num_procedures,0.1889110281439497,0.0500718748892548,1.0,0.40373754661437294,-0.01834749801095604,-0.03517789731261714,-0.023976888126833584,0.08915312917304921
num_medications,0.46942627116513713,0.2619107975207448,0.40373754661437294,1.0,0.026183439739307382,0.00239972008424094,0.037486789451917475,0.25920110163500437
number_outpatient,-0.014983725552842522,-0.00693281445060148,-0.01834749801095604,0.026183439739307382,1.0,0.0950015540468797,0.06859092223618266,0.07661236980376951
number_emergency,-0.009804819713313774,0.014090904094792198,-0.03517789731261714,0.00239972008424094,0.0950015540468797,1.0,0.14654705747519287,0.04923916979932364
number_inpatient,0.0637362740687483,0.08016223937407736,-0.023976888126833584,0.037486789451917475,0.06859092223618266,0.14654705747519287,1.0,0.06915142116748542
number_diagnoses,0.2333376118980699,0.15757420643370712,0.08915312917304921,0.25920110163500437,0.07661236980376951,0.04923916979932364,0.06915142116748542,1.0
